INSERT INTO `endereco` (`id`, `logradouro`, `numero`, `bairro`, `cidade_id`, `cep`, `complemento`) VALUES
(1, 'Rua Marcos Couto Bezerra', 689, 'Conjunto Metropolitano', 741, '61604440', NULL),
(2, 'Rua Cônego Pereira', 279, 'Barbalho', 616, '40300756', NULL),
(3, 'Rua Jorge Fraxe', 443, 'Caimbé', 4400, '69312179', NULL),
(4, 'Avenida do Ginásio', 669, 'La Salle II', 1455, '78710035', NULL),
(5, 'Avenida Ceará', 785, 'Capoeira', 94, '69905000', NULL);



INSERT INTO `peca_assistencia` (`id`, `nome`, `quantidade`, `valor_compra`, `valor_venda`, `created_at`, `updated_at`, `deleted_at`) VALUES
(1, 'Touch/display iPhone 7 [branco]', '4.00', '100.00', '150.00', '2019-11-12 22:45:59', '2019-11-12 22:45:59', NULL),
(2, 'Touch/display iPhone 8', '3.00', '120.00', '160.00', '2019-11-12 22:46:22', '2019-11-12 22:46:22', NULL),
(3, 'Touch/display iPhone X', '2.00', '150.00', '250.00', '2019-11-12 22:46:36', '2019-11-12 22:46:36', NULL),
(4, 'Bateria iPhone 5', '5.00', '50.00', '100.00', '2019-11-12 22:47:00', '2019-11-12 22:47:00', NULL),
(5, 'Bateria iPhone 6', '4.00', '60.00', '150.00', '2019-11-12 19:54:14', '2019-11-12 19:54:14', NULL),
(6, 'Bateria iPhone 7', '3.00', '70.00', '150.00', '2019-11-12 19:54:31', '2019-11-12 19:54:31', NULL),
(7, 'Bateria iPhone 8', '4.00', '60.00', '150.00', '2019-11-12 19:54:44', '2019-11-12 19:54:44', NULL),
(8, 'Bateria iPhone X', '5.00', '70.00', '180.00', '2019-11-12 19:54:54', '2019-11-12 19:54:54', NULL),
(9, 'Bateria Galaxy S8', '4.00', '70.00', '120.00', '2019-11-12 19:55:09', '2019-11-12 19:55:09', NULL),
(10, 'Bateria Galaxy S9', '5.00', '70.00', '160.00', '2019-11-12 19:55:20', '2019-11-12 19:55:20', NULL),
(11, 'Bateria Galaxy S10', '3.00', '80.00', '190.00', '2019-11-12 19:55:34', '2019-11-12 19:55:34', NULL),
(12, 'Touch/Display Galaxy S8', '4.00', '150.00', '250.00', '2019-11-12 19:55:51', '2019-11-12 19:55:51', NULL),
(13, 'Touch/display Galaxy s9', '5.00', '140.00', '270.00', '2019-11-12 19:56:16', '2019-11-12 19:56:16', NULL),
(14, 'Touch/display Galaxy s10', '5.00', '200.00', '350.00', '2019-11-12 19:56:28', '2019-11-12 19:56:28', NULL),
(15, 'Touch SM-G530', '10.00', '50.00', '120.00', '2019-11-12 19:56:48', '2019-11-12 19:56:48', NULL),
(16, 'Display SM-G530', '10.00', '50.00', '130.00', '2019-11-12 19:57:00', '2019-11-12 19:57:00', NULL);

INSERT INTO `item_peca_assistencia` (`id`, `idPeca`, `deleted_at`, `created_at`, `updated_at`) VALUES
(1, 1, NULL, '2019-11-12 22:45:59', '2019-11-12 22:45:59'),
(2, 1, NULL, '2019-11-12 22:45:59', '2019-11-12 22:45:59'),
(3, 1, NULL, '2019-11-12 22:45:59', '2019-11-12 22:45:59'),
(4, 1, NULL, '2019-11-12 22:45:59', '2019-11-12 22:45:59'),
(5, 2, NULL, '2019-11-12 22:46:22', '2019-11-12 22:46:22'),
(6, 2, NULL, '2019-11-12 22:46:22', '2019-11-12 22:46:22'),
(7, 2, NULL, '2019-11-12 22:46:22', '2019-11-12 22:46:22'),
(8, 3, NULL, '2019-11-12 22:46:36', '2019-11-12 22:46:36'),
(9, 3, NULL, '2019-11-12 22:46:36', '2019-11-12 22:46:36'),
(10, 4, NULL, '2019-11-12 22:47:00', '2019-11-12 22:47:00'),
(11, 4, NULL, '2019-11-12 22:47:00', '2019-11-12 22:47:00'),
(12, 4, NULL, '2019-11-12 22:47:00', '2019-11-12 22:47:00'),
(13, 4, NULL, '2019-11-12 22:47:00', '2019-11-12 22:47:00'),
(14, 4, NULL, '2019-11-12 22:47:00', '2019-11-12 22:47:00'),
(15, 4, NULL, '2019-11-12 19:54:14', '2019-11-12 19:54:14'),
(16, 4, NULL, '2019-11-12 19:54:14', '2019-11-12 19:54:14'),
(17, 4, NULL, '2019-11-12 19:54:14', '2019-11-12 19:54:14'),
(18, 4, NULL, '2019-11-12 19:54:14', '2019-11-12 19:54:14'),
(19, 4, NULL, '2019-11-12 19:54:31', '2019-11-12 19:54:31'),
(20, 4, NULL, '2019-11-12 19:54:31', '2019-11-12 19:54:31'),
(21, 4, NULL, '2019-11-12 19:54:31', '2019-11-12 19:54:31'),
(22, 4, NULL, '2019-11-12 19:54:44', '2019-11-12 19:54:44'),
(23, 4, NULL, '2019-11-12 19:54:44', '2019-11-12 19:54:44'),
(24, 4, NULL, '2019-11-12 19:54:44', '2019-11-12 19:54:44'),
(25, 4, NULL, '2019-11-12 19:54:44', '2019-11-12 19:54:44'),
(26, 4, NULL, '2019-11-12 19:54:54', '2019-11-12 19:54:54'),
(27, 4, NULL, '2019-11-12 19:54:54', '2019-11-12 19:54:54'),
(28, 4, NULL, '2019-11-12 19:54:54', '2019-11-12 19:54:54'),
(29, 4, NULL, '2019-11-12 19:54:54', '2019-11-12 19:54:54'),
(30, 4, NULL, '2019-11-12 19:54:54', '2019-11-12 19:54:54'),
(31, 4, NULL, '2019-11-12 19:55:09', '2019-11-12 19:55:09'),
(32, 4, NULL, '2019-11-12 19:55:09', '2019-11-12 19:55:09'),
(33, 4, NULL, '2019-11-12 19:55:09', '2019-11-12 19:55:09'),
(34, 4, NULL, '2019-11-12 19:55:09', '2019-11-12 19:55:09'),
(35, 4, NULL, '2019-11-12 19:55:20', '2019-11-12 19:55:20'),
(36, 4, NULL, '2019-11-12 19:55:20', '2019-11-12 19:55:20'),
(37, 4, NULL, '2019-11-12 19:55:20', '2019-11-12 19:55:20'),
(38, 4, NULL, '2019-11-12 19:55:20', '2019-11-12 19:55:20'),
(39, 4, NULL, '2019-11-12 19:55:20', '2019-11-12 19:55:20'),
(40, 4, NULL, '2019-11-12 19:55:34', '2019-11-12 19:55:34'),
(41, 4, NULL, '2019-11-12 19:55:34', '2019-11-12 19:55:34'),
(42, 4, NULL, '2019-11-12 19:55:34', '2019-11-12 19:55:34'),
(43, 4, NULL, '2019-11-12 19:55:51', '2019-11-12 19:55:51'),
(44, 4, NULL, '2019-11-12 19:55:51', '2019-11-12 19:55:51'),
(45, 4, NULL, '2019-11-12 19:55:51', '2019-11-12 19:55:51'),
(46, 4, NULL, '2019-11-12 19:55:51', '2019-11-12 19:55:51'),
(47, 4, NULL, '2019-11-12 19:56:16', '2019-11-12 19:56:16'),
(48, 4, NULL, '2019-11-12 19:56:16', '2019-11-12 19:56:16'),
(49, 4, NULL, '2019-11-12 19:56:16', '2019-11-12 19:56:16'),
(50, 4, NULL, '2019-11-12 19:56:16', '2019-11-12 19:56:16'),
(51, 4, NULL, '2019-11-12 19:56:16', '2019-11-12 19:56:16'),
(52, 4, NULL, '2019-11-12 19:56:28', '2019-11-12 19:56:28'),
(53, 4, NULL, '2019-11-12 19:56:28', '2019-11-12 19:56:28'),
(54, 4, NULL, '2019-11-12 19:56:28', '2019-11-12 19:56:28'),
(55, 4, NULL, '2019-11-12 19:56:28', '2019-11-12 19:56:28'),
(56, 4, NULL, '2019-11-12 19:56:28', '2019-11-12 19:56:28'),
(57, 4, NULL, '2019-11-12 19:56:48', '2019-11-12 19:56:48'),
(58, 4, NULL, '2019-11-12 19:56:48', '2019-11-12 19:56:48'),
(59, 4, NULL, '2019-11-12 19:56:48', '2019-11-12 19:56:48'),
(60, 4, NULL, '2019-11-12 19:56:48', '2019-11-12 19:56:48'),
(61, 4, NULL, '2019-11-12 19:56:48', '2019-11-12 19:56:48'),
(62, 4, NULL, '2019-11-12 19:56:48', '2019-11-12 19:56:48'),
(63, 4, NULL, '2019-11-12 19:56:48', '2019-11-12 19:56:48'),
(64, 4, NULL, '2019-11-12 19:56:48', '2019-11-12 19:56:48'),
(65, 4, NULL, '2019-11-12 19:56:48', '2019-11-12 19:56:48'),
(66, 4, NULL, '2019-11-12 19:56:48', '2019-11-12 19:56:48'),
(67, 4, NULL, '2019-11-12 19:57:00', '2019-11-12 19:57:00'),
(68, 4, NULL, '2019-11-12 19:57:00', '2019-11-12 19:57:00'),
(69, 4, NULL, '2019-11-12 19:57:00', '2019-11-12 19:57:00'),
(70, 4, NULL, '2019-11-12 19:57:00', '2019-11-12 19:57:00'),
(71, 4, NULL, '2019-11-12 19:57:00', '2019-11-12 19:57:00'),
(72, 4, NULL, '2019-11-12 19:57:00', '2019-11-12 19:57:00'),
(73, 4, NULL, '2019-11-12 19:57:00', '2019-11-12 19:57:00'),
(74, 4, NULL, '2019-11-12 19:57:00', '2019-11-12 19:57:00'),
(75, 4, NULL, '2019-11-12 19:57:00', '2019-11-12 19:57:00'),
(76, 4, NULL, '2019-11-12 19:57:00', '2019-11-12 19:57:00');


INSERT INTO `servico_assistencia` (`id`, `nome`, `valor`, `created_at`, `updated_at`, `deleted_at`) VALUES
(1, 'Software aparelhos básicos', '50.00', '2019-11-12 19:42:18', '2019-11-12 19:42:18', NULL),
(2, 'Montagem aparelhos básicos', '60.00', '2019-11-12 19:42:33', '2019-11-12 19:42:33', NULL),
(3, 'Software aparelhos médios', '70.00', '2019-11-12 19:42:50', '2019-11-12 19:42:50', NULL),
(4, 'Montagem aparelhos médios', '80.00', '2019-11-12 19:42:57', '2019-11-12 19:42:57', NULL),
(5, 'Software aparelhos classe alta', '90.00', '2019-11-12 19:43:19', '2019-11-12 19:43:19', NULL),
(6, 'Montagem aparelhos classe alta', '100.00', '2019-11-12 19:43:31', '2019-11-12 19:43:31', NULL),
(7, 'Montagem aparelhos colados', '160.00', '2019-11-12 19:45:04', '2019-11-12 19:45:04', NULL);

INSERT INTO `tecnico_assistencia` (`id`, `nome`, `cpf`, `created_at`, `updated_at`, `deleted_at`) VALUES
(1, 'Sérgio Carlos Guilherme Brito', '084.400.380-89', '2019-11-12 19:38:46', '2019-11-12 19:38:46', NULL),
(2, 'Danilo Elias da Silva', '040.976.675-56', '2019-11-12 19:39:01', '2019-11-12 19:39:30', '2019-11-12 19:39:30'),
(3, 'Hugo Cauê Duarte', '798.956.290-10', '2019-11-12 19:39:15', '2019-11-12 19:39:15', NULL),
(4, 'Filipe Victor Bruno de Paula', '469.843.759-83', '2019-11-12 19:39:27', '2019-11-12 19:39:27', NULL);


INSERT INTO `cliente_assistencia` ( `nome`, `cpf`, `email`, `data_nascimento`, `endereco_id`, `celnumero`, `telefonenumero`, `created_at`, `updated_at`, `deleted_at`) VALUES
('Evelyn Eliane Maitê Figueiredo', '348.071.698-90', 'evelyn@signatreinamentos.com.br', '1960-04-27', 1, '(12) 98434-8874', '', '2019-11-12 18:53:39', '2019-11-12 18:53:39', NULL),
('Lucca Murilo Mateus Costa', '477.281.895-22', 'lluccamurilomateuscosta@petcamp.com.br', '1999-07-12', 2, '(11) 97405-4572', '(12) 3894-3541', '2019-11-12 18:57:54', '2019-11-12 18:57:54', NULL),
('Victor Filipe Melo', '996.094.128-07', 'victorfilipemelo@abcturismo.com.br', '1987-08-23', 3, '(12) 98745-7843', '(11) 3874-6744', '2019-11-12 19:16:55', '2019-11-12 19:16:55', NULL),
('Agatha Laura Ribeiro', '725.202.825-92', 'aagathalauraribeiro@centerdiesel.com.br', '1987-10-23', 4, '(66) 98259-0764', '', '2019-11-12 19:22:19', '2019-11-12 19:22:19', NULL),
('Daniel Breno Fernandes', '210.869.073-53', 'danielbrenofernandes_@antunez.com.br', '1981-01-19', 5, '(68) 98897-1993', '(68) 3824-7766', '2019-11-12 19:25:27', '2019-11-12 19:25:27', NULL),
('Manoel Thomas Drumond', '154.940.237-45', 'danielbrenofernandes_@antunez.com.br', '1981-01-19', 5, '(68) 98897-1993', '(68) 3824-7766', '2019-11-12 19:25:27', '2019-11-12 19:25:27', NULL),
('Fernanda Luana Amanda Silva', '023.865.965-83', 'danielbrenofernandes_@antunez.com.br', '1981-01-19', 5, '(68) 98897-1993', '(68) 3824-7766', '2019-11-12 19:25:27', '2019-11-12 19:25:27', NULL),
('Tânia Sebastiana da Cruz', '530.765.305-00', 'danielbrenofernandes_@antunez.com.br', '1981-01-19', 5, '(68) 98897-1993', '(68) 3824-7766', '2019-11-12 19:25:27', '2019-11-12 19:25:27', NULL),
('Maya Elisa Pinto', '370.467.913-50', 'danielbrenofernandes_@antunez.com.br', '1981-01-19', 5, '(68) 98897-1993', '(68) 3824-7766', '2019-11-12 19:25:27', '2019-11-12 19:25:27', NULL),
('Antonella Analu Bianca Martins', '891.425.897-11', 'danielbrenofernandes_@antunez.com.br', '1981-01-19', 5, '(68) 98897-1993', '(68) 3824-7766', '2019-11-12 19:25:27', '2019-11-12 19:25:27', NULL),
('Renata Brenda Marcela Nunes', '002.727.000-96', 'danielbrenofernandes_@antunez.com.br', '1981-01-19', 5, '(68) 98897-1993', '(68) 3824-7766', '2019-11-12 19:25:27', '2019-11-12 19:25:27', NULL),
('Bárbara Marina Nogueira', '797.888.682-40', 'danielbrenofernandes_@antunez.com.br', '1981-01-19', 5, '(68) 98897-1993', '(68) 3824-7766', '2019-11-12 19:25:27', '2019-11-12 19:25:27', NULL),
('Lorenzo Nathan Jesus', '620.548.019-09', 'danielbrenofernandes_@antunez.com.br', '1981-01-19', 5, '(68) 98897-1993', '(68) 3824-7766', '2019-11-12 19:25:27', '2019-11-12 19:25:27', NULL),
('Daniel Miguel Assis', '394.675.932-70', 'danielbrenofernandes_@antunez.com.br', '1981-01-19', 5, '(68) 98897-1993', '(68) 3824-7766', '2019-11-12 19:25:27', '2019-11-12 19:25:27', NULL),
('Pedro Geraldo Melo', '355.765.210-64', 'danielbrenofernandes_@antunez.com.br', '1981-01-19', 5, '(68) 98897-1993', '(68) 3824-7766', '2019-11-12 19:25:27', '2019-11-12 19:25:27', NULL),
('Isabel Marli Milena Barbosa', '854.983.358-49', 'danielbrenofernandes_@antunez.com.br', '1981-01-19', 5, '(68) 98897-1993', '(68) 3824-7766', '2019-11-12 19:25:27', '2019-11-12 19:25:27', NULL),
('Maya Evelyn Gabrielly Assunção', '231.482.686-87', 'danielbrenofernandes_@antunez.com.br', '1981-01-19', 5, '(68) 98897-1993', '(68) 3824-7766', '2019-11-12 19:25:27', '2019-11-12 19:25:27', NULL),
('Nelson Diego Calebe Fogaça', '003.591.411-45', 'danielbrenofernandes_@antunez.com.br', '1981-01-19', 5, '(68) 98897-1993', '(68) 3824-7766', '2019-11-12 19:25:27', '2019-11-12 19:25:27', NULL),
('Fábio Carlos Eduardo Caio Corte Real', '976.960.916-11', 'danielbrenofernandes_@antunez.com.br', '1981-01-19', 5, '(68) 98897-1993', '(68) 3824-7766', '2019-11-12 19:25:27', '2019-11-12 19:25:27', NULL),
('Benedito Paulo Assunção', '848.316.188-53', 'danielbrenofernandes_@antunez.com.br', '1981-01-19', 5, '(68) 98897-1993', '(68) 3824-7766', '2019-11-12 19:25:27', '2019-11-12 19:25:27', NULL),
('César Antonio Viana', '502.359.028-37', 'danielbrenofernandes_@antunez.com.br', '1981-01-19', 5, '(68) 98897-1993', '(68) 3824-7766', '2019-11-12 19:25:27', '2019-11-12 19:25:27', NULL),
('Vinicius Kauê Fernandes', '824.658.649-12', 'danielbrenofernandes_@antunez.com.br', '1981-01-19', 5, '(68) 98897-1993', '(68) 3824-7766', '2019-11-12 19:25:27', '2019-11-12 19:25:27', NULL);

